Region,Year,Age Range,Mental Health,Measure Type,Variable,Value,Start Year,Risk Level
Connecticut,2009-2010,Over 17,Any Mental Illness in the Past Year,Percent,Mental Health,17.63,2009,High
Connecticut,2009-2010,Over 17,Had at Least One Major Depressive Episode in the Past Year,Percent,Mental Health,6.25,2009,Medium
Connecticut,2009-2010,Over 17,Had Serious Thoughts of Suicide in the Past Year,Percent,Mental Health,3.63,2009,Low
Connecticut,2009-2010,Over 17,Serious Mental Illness in the Past Year,Percent,Mental Health,3.73,2009,Low
Connecticut,2010-2011,12-17,Had at Least One Major Depressive Episode in the Past Year,Percent,Mental Health,7.78,2010,Medium
Connecticut,2010-2011,18-25,Any Mental Illness in the Past Year,Percent,Mental Health,18.05,2010,High
Connecticut,2010-2011,18-25,Had at Least One Major Depressive Episode in the Past Year,Percent,Mental Health,7.93,2010,Medium
Connecticut,2010-2011,18-25,Had Serious Thoughts of Suicide in the Past Year,Percent,Mental Health,5.98,2010,Medium
Connecticut,2010-2011,18-25,Serious Mental Illness in the Past Year,Percent,Mental Health,3.55,2010,Low
Connecticut,2010-2011,Over 17,Any Mental Illness in the Past Year,Percent,Mental Health,16.58,2010,High
Connecticut,2010-2011,Over 17,Had at Least One Major Depressive Episode in the Past Year,Percent,Mental Health,6.42,2010,Medium
Connecticut,2010-2011,Over 17,Had Serious Thoughts of Suicide in the Past Year,Percent,Mental Health,3.62,2010,Low
Connecticut,2010-2011,Over 17,Serious Mental Illness in the Past Year,Percent,Mental Health,3.46,2010,Low
Connecticut,2010-2011,Over 25,Any Mental Illness in the Past Year,Percent,Mental Health,16.36,2010,High
Connecticut,2010-2011,Over 25,Had at Least One Major Depressive Episode in the Past Year,Percent,Mental Health,6.17,2010,Medium
Connecticut,2010-2011,Over 25,Had Serious Thoughts of Suicide in the Past Year,Percent,Mental Health,3.24,2010,Low
Connecticut,2010-2011,Over 25,Serious Mental Illness in the Past Year,Percent,Mental Health,3.44,2010,Low
Connecticut,2011-2012,12-17,Had at Least One Major Depressive Episode in the Past Year,Percent,Mental Health,8.26,2011,Medium
Connecticut,2011-2012,18-25,Any Mental Illness in the Past Year,Percent,Mental Health,17.63,2011,High
Connecticut,2011-2012,18-25,Had at Least One Major Depressive Episode in the Past Year,Percent,Mental Health,8.28,2011,Medium
Connecticut,2011-2012,18-25,Had Serious Thoughts of Suicide in the Past Year,Percent,Mental Health,6.43,2011,Medium
Connecticut,2011-2012,18-25,Serious Mental Illness in the Past Year,Percent,Mental Health,3.81,2011,Low
Connecticut,2011-2012,Over 17,Any Mental Illness in the Past Year,Percent,Mental Health,16.71,2011,High
Connecticut,2011-2012,Over 17,Had at Least One Major Depressive Episode in the Past Year,Percent,Mental Health,6.2,2011,Medium
Connecticut,2011-2012,Over 17,Had Serious Thoughts of Suicide in the Past Year,Percent,Mental Health,3.66,2011,Low
Connecticut,2011-2012,Over 17,Serious Mental Illness in the Past Year,Percent,Mental Health,3.24,2011,Low
Connecticut,2011-2012,Over 25,Any Mental Illness in the Past Year,Percent,Mental Health,16.57,2011,High
Connecticut,2011-2012,Over 25,Had at Least One Major Depressive Episode in the Past Year,Percent,Mental Health,5.88,2011,Medium
Connecticut,2011-2012,Over 25,Had Serious Thoughts of Suicide in the Past Year,Percent,Mental Health,3.22,2011,Low
Connecticut,2011-2012,Over 25,Serious Mental Illness in the Past Year,Percent,Mental Health,3.15,2011,Low
Connecticut,2012-2013,12-17,Had at Least One Major Depressive Episode in the Past Year,Percent,Mental Health,9.4,2012,Medium
Connecticut,2012-2013,18-25,Any Mental Illness in the Past Year,Percent,Mental Health,18.3,2012,High
Connecticut,2012-2013,18-25,Had at Least One Major Depressive Episode in the Past Year,Percent,Mental Health,8.37,2012,Medium
Connecticut,2012-2013,18-25,Had Serious Thoughts of Suicide in the Past Year,Percent,Mental Health,6.78,2012,Medium
Connecticut,2012-2013,18-25,Serious Mental Illness in the Past Year,Percent,Mental Health,4.03,2012,Low
Connecticut,2012-2013,Over 17,Any Mental Illness in the Past Year,Percent,Mental Health,17.26,2012,High
Connecticut,2012-2013,Over 17,Had at Least One Major Depressive Episode in the Past Year,Percent,Mental Health,6.28,2012,Medium
Connecticut,2012-2013,Over 17,Had Serious Thoughts of Suicide in the Past Year,Percent,Mental Health,3.72,2012,Low
Connecticut,2012-2013,Over 17,Serious Mental Illness in the Past Year,Percent,Mental Health,3.38,2012,Low
Connecticut,2012-2013,Over 25,Any Mental Illness in the Past Year,Percent,Mental Health,17.1,2012,High
Connecticut,2012-2013,Over 25,Had at Least One Major Depressive Episode in the Past Year,Percent,Mental Health,5.95,2012,Medium
Connecticut,2012-2013,Over 25,Had Serious Thoughts of Suicide in the Past Year,Percent,Mental Health,3.23,2012,Low
Connecticut,2012-2013,Over 25,Serious Mental Illness in the Past Year,Percent,Mental Health,3.28,2012,Low
Connecticut,2013-2014,12-17,Had at Least One Major Depressive Episode in the Past Year,Percent,Mental Health,9.7,2013,Medium
Connecticut,2013-2014,18-25,Any Mental Illness in the Past Year,Percent,Mental Health,18.01,2013,High
Connecticut,2013-2014,18-25,Had at Least One Major Depressive Episode in the Past Year,Percent,Mental Health,8.4,2013,Medium
Connecticut,2013-2014,18-25,Had Serious Thoughts of Suicide in the Past Year,Percent,Mental Health,6.85,2013,Medium
Connecticut,2013-2014,18-25,Serious Mental Illness in the Past Year,Percent,Mental Health,4.48,2013,Low
Connecticut,2013-2014,Over 17,Any Mental Illness in the Past Year,Percent,Mental Health,16.44,2013,High
Connecticut,2013-2014,Over 17,Had at Least One Major Depressive Episode in the Past Year,Percent,Mental Health,6.03,2013,Medium
Connecticut,2013-2014,Over 17,Had Serious Thoughts of Suicide in the Past Year,Percent,Mental Health,3.34,2013,Low
Connecticut,2013-2014,Over 17,Serious Mental Illness in the Past Year,Percent,Mental Health,3.53,2013,Low
Connecticut,2013-2014,Over 25,Any Mental Illness in the Past Year,Percent,Mental Health,16.19,2013,High
Connecticut,2013-2014,Over 25,Had at Least One Major Depressive Episode in the Past Year,Percent,Mental Health,5.65,2013,Medium
Connecticut,2013-2014,Over 25,Had Serious Thoughts of Suicide in the Past Year,Percent,Mental Health,2.78,2013,Low
Connecticut,2013-2014,Over 25,Serious Mental Illness in the Past Year,Percent,Mental Health,3.37,2013,Low
Connecticut,2014-2015,12-17,Had at Least One Major Depressive Episode in the Past Year,Percent,Mental Health,11.49,2014,Medium
Connecticut,2014-2015,18-25,Any Mental Illness in the Past Year,Percent,Mental Health,21.34,2014,High
Connecticut,2014-2015,18-25,Had at Least One Major Depressive Episode in the Past Year,Percent,Mental Health,10.28,2014,Medium
Connecticut,2014-2015,18-25,Had Serious Thoughts of Suicide in the Past Year,Percent,Mental Health,7.59,2014,Medium
Connecticut,2014-2015,18-25,Serious Mental Illness in the Past Year,Percent,Mental Health,5.01,2014,Medium
Connecticut,2014-2015,Over 17,Any Mental Illness in the Past Year,Percent,Mental Health,17.42,2014,High
Connecticut,2014-2015,Over 17,Had at Least One Major Depressive Episode in the Past Year,Percent,Mental Health,6.77,2014,Medium
Connecticut,2014-2015,Over 17,Had Serious Thoughts of Suicide in the Past Year,Percent,Mental Health,3.49,2014,Low
Connecticut,2014-2015,Over 17,Serious Mental Illness in the Past Year,Percent,Mental Health,3.46,2014,Low
Connecticut,2014-2015,Over 25,Any Mental Illness in the Past Year,Percent,Mental Health,16.78,2014,High
Connecticut,2014-2015,Over 25,Had at Least One Major Depressive Episode in the Past Year,Percent,Mental Health,6.21,2014,Medium
Connecticut,2014-2015,Over 25,Had Serious Thoughts of Suicide in the Past Year,Percent,Mental Health,2.82,2014,Low
Connecticut,2014-2015,Over 25,Serious Mental Illness in the Past Year,Percent,Mental Health,3.21,2014,Low
Connecticut,2015-2016,12-17,Had at Least One Major Depressive Episode in the Past Year,Percent,Mental Health,12.52,2015,Medium
Connecticut,2015-2016,18-25,Any Mental Illness in the Past Year,Percent,Mental Health,23.48,2015,High
Connecticut,2015-2016,18-25,Had at Least One Major Depressive Episode in the Past Year,Percent,Mental Health,11.73,2015,Medium
Connecticut,2015-2016,18-25,Had Serious Thoughts of Suicide in the Past Year,Percent,Mental Health,8.56,2015,Medium
Connecticut,2015-2016,18-25,Serious Mental Illness in the Past Year,Percent,Mental Health,5.44,2015,Medium
Connecticut,2015-2016,Over 17,Any Mental Illness in the Past Year,Percent,Mental Health,18.0,2015,High
Connecticut,2015-2016,Over 17,Had at Least One Major Depressive Episode in the Past Year,Percent,Mental Health,6.84,2015,Medium
Connecticut,2015-2016,Over 17,Had Serious Thoughts of Suicide in the Past Year,Percent,Mental Health,3.76,2015,Low
Connecticut,2015-2016,Over 17,Serious Mental Illness in the Past Year,Percent,Mental Health,3.59,2015,Low
Connecticut,2015-2016,Over 25,Any Mental Illness in the Past Year,Percent,Mental Health,17.11,2015,High
Connecticut,2015-2016,Over 25,Had at Least One Major Depressive Episode in the Past Year,Percent,Mental Health,6.05,2015,Medium
Connecticut,2015-2016,Over 25,Had Serious Thoughts of Suicide in the Past Year,Percent,Mental Health,2.98,2015,Low
Connecticut,2015-2016,Over 25,Serious Mental Illness in the Past Year,Percent,Mental Health,3.28,2015,Low
Connecticut,2016-2017,12-17,Had at Least One Major Depressive Episode in the Past Year,Percent,Mental Health,13.16,2016,Medium
Connecticut,2016-2017,18-25,Any Mental Illness in the Past Year,Percent,Mental Health,25.56,2016,High
Connecticut,2016-2017,18-25,Had at Least One Major Depressive Episode in the Past Year,Percent,Mental Health,13.1,2016,Medium
Connecticut,2016-2017,18-25,Had Serious Thoughts of Suicide in the Past Year,Percent,Mental Health,10.03,2016,Medium
Connecticut,2016-2017,18-25,Serious Mental Illness in the Past Year,Percent,Mental Health,7.43,2016,Medium
Connecticut,2016-2017,Over 17,Any Mental Illness in the Past Year,Percent,Mental Health,18.18,2016,High
Connecticut,2016-2017,Over 17,Had at Least One Major Depressive Episode in the Past Year,Percent,Mental Health,6.97,2016,Medium
Connecticut,2016-2017,Over 17,Had Serious Thoughts of Suicide in the Past Year,Percent,Mental Health,4.05,2016,Low
Connecticut,2016-2017,Over 17,Serious Mental Illness in the Past Year,Percent,Mental Health,4.16,2016,Low
Connecticut,2016-2017,Over 25,Any Mental Illness in the Past Year,Percent,Mental Health,16.98,2016,High
Connecticut,2016-2017,Over 25,Had at Least One Major Depressive Episode in the Past Year,Percent,Mental Health,5.98,2016,Medium
Connecticut,2016-2017,Over 25,Had Serious Thoughts of Suicide in the Past Year,Percent,Mental Health,3.08,2016,Low
Connecticut,2016-2017,Over 25,Serious Mental Illness in the Past Year,Percent,Mental Health,3.63,2016,Low
Connecticut,2017-2018,18-25,Serious Mental Illness in the Past Year,Percent,Mental Health,8.31,2017,Medium
Connecticut,2017-2018,18-25,Any Mental Illness in the Past Year,Percent,Mental Health,28.12,2017,High
Connecticut,2017-2018,18-25,Had Serious Thoughts of Suicide in the Past Year,Percent,Mental Health,11.73,2017,Medium
Connecticut,2017-2018,18-25,Had at Least One Major Depressive Episode in the Past Year,Percent,Mental Health,13.69,2017,Medium
Connecticut,2017-2018,Over 17,Serious Mental Illness in the Past Year,Percent,Mental Health,4.34,2017,Low
Connecticut,2017-2018,Over 17,Any Mental Illness in the Past Year,Percent,Mental Health,19.03,2017,High
Connecticut,2017-2018,Over 17,Had Serious Thoughts of Suicide in the Past Year,Percent,Mental Health,4.48,2017,Low
Connecticut,2017-2018,Over 17,Had at Least One Major Depressive Episode in the Past Year,Percent,Mental Health,7.02,2017,Medium
Connecticut,2017-2018,Over 25,Serious Mental Illness in the Past Year,Percent,Mental Health,3.7,2017,Low
Connecticut,2017-2018,Over 25,Any Mental Illness in the Past Year,Percent,Mental Health,17.56,2017,High
Connecticut,2017-2018,Over 25,Had Serious Thoughts of Suicide in the Past Year,Percent,Mental Health,3.32,2017,Low
Connecticut,2017-2018,Over 25,Had at Least One Major Depressive Episode in the Past Year,Percent,Mental Health,5.94,2017,Medium
Midwestern Region,2009-2010,Over 17,Any Mental Illness in the Past Year,Percent,Mental Health,18.59,2009,High
Midwestern Region,2009-2010,Over 17,Had at Least One Major Depressive Episode in the Past Year,Percent,Mental Health,6.99,2009,Medium
Midwestern Region,2009-2010,Over 17,Had Serious Thoughts of Suicide in the Past Year,Percent,Mental Health,4.05,2009,Low
Midwestern Region,2009-2010,Over 17,Serious Mental Illness in the Past Year,Percent,Mental Health,4.21,2009,Low
Midwestern Region,2010-2011,12-17,Had at Least One Major Depressive Episode in the Past Year,Percent,Mental Health,8.31,2010,Medium
Midwestern Region,2010-2011,18-25,Any Mental Illness in the Past Year,Percent,Mental Health,18.99,2010,High
Midwestern Region,2010-2011,18-25,Had at Least One Major Depressive Episode in the Past Year,Percent,Mental Health,8.65,2010,Medium
Midwestern Region,2010-2011,18-25,Had Serious Thoughts of Suicide in the Past Year,Percent,Mental Health,6.97,2010,Medium
Midwestern Region,2010-2011,18-25,Serious Mental Illness in the Past Year,Percent,Mental Health,3.99,2010,Low
Midwestern Region,2010-2011,Over 17,Any Mental Illness in the Past Year,Percent,Mental Health,18.44,2010,High
Midwestern Region,2010-2011,Over 17,Had at Least One Major Depressive Episode in the Past Year,Percent,Mental Health,7.02,2010,Medium
Midwestern Region,2010-2011,Over 17,Had Serious Thoughts of Suicide in the Past Year,Percent,Mental Health,3.99,2010,Low
Midwestern Region,2010-2011,Over 17,Serious Mental Illness in the Past Year,Percent,Mental Health,4.27,2010,Low
Midwestern Region,2010-2011,Over 25,Any Mental Illness in the Past Year,Percent,Mental Health,18.34,2010,High
Midwestern Region,2010-2011,Over 25,Had at Least One Major Depressive Episode in the Past Year,Percent,Mental Health,6.74,2010,Medium
Midwestern Region,2010-2011,Over 25,Had Serious Thoughts of Suicide in the Past Year,Percent,Mental Health,3.47,2010,Low
Midwestern Region,2010-2011,Over 25,Serious Mental Illness in the Past Year,Percent,Mental Health,4.32,2010,Low
Midwestern Region,2011-2012,12-17,Had at Least One Major Depressive Episode in the Past Year,Percent,Mental Health,8.68,2011,Medium
Midwestern Region,2011-2012,18-25,Any Mental Illness in the Past Year,Percent,Mental Health,19.59,2011,High
Midwestern Region,2011-2012,18-25,Had at Least One Major Depressive Episode in the Past Year,Percent,Mental Health,9.08,2011,Medium
Midwestern Region,2011-2012,18-25,Had Serious Thoughts of Suicide in the Past Year,Percent,Mental Health,7.35,2011,Medium
Midwestern Region,2011-2012,18-25,Serious Mental Illness in the Past Year,Percent,Mental Health,4.29,2011,Low
Midwestern Region,2011-2012,Over 17,Any Mental Illness in the Past Year,Percent,Mental Health,18.36,2011,High
Midwestern Region,2011-2012,Over 17,Had at Least One Major Depressive Episode in the Past Year,Percent,Mental Health,6.82,2011,Medium
Midwestern Region,2011-2012,Over 17,Had Serious Thoughts of Suicide in the Past Year,Percent,Mental Health,3.91,2011,Low
Midwestern Region,2011-2012,Over 17,Serious Mental Illness in the Past Year,Percent,Mental Health,4.15,2011,Low
Midwestern Region,2011-2012,Over 25,Any Mental Illness in the Past Year,Percent,Mental Health,18.15,2011,High
Midwestern Region,2011-2012,Over 25,Had at Least One Major Depressive Episode in the Past Year,Percent,Mental Health,6.44,2011,Medium
Midwestern Region,2011-2012,Over 25,Had Serious Thoughts of Suicide in the Past Year,Percent,Mental Health,3.33,2011,Low
Midwestern Region,2011-2012,Over 25,Serious Mental Illness in the Past Year,Percent,Mental Health,4.13,2011,Low
Midwestern Region,2012-2013,12-17,Had at Least One Major Depressive Episode in the Past Year,Percent,Mental Health,9.74,2012,Medium
Midwestern Region,2012-2013,18-25,Any Mental Illness in the Past Year,Percent,Mental Health,19.86,2012,High
Midwestern Region,2012-2013,18-25,Had at Least One Major Depressive Episode in the Past Year,Percent,Mental Health,9.15,2012,Medium
Midwestern Region,2012-2013,18-25,Had Serious Thoughts of Suicide in the Past Year,Percent,Mental Health,7.68,2012,Medium
Midwestern Region,2012-2013,18-25,Serious Mental Illness in the Past Year,Percent,Mental Health,4.6,2012,Low
Midwestern Region,2012-2013,Over 17,Any Mental Illness in the Past Year,Percent,Mental Health,18.57,2012,High
Midwestern Region,2012-2013,Over 17,Had at Least One Major Depressive Episode in the Past Year,Percent,Mental Health,6.85,2012,Medium
Midwestern Region,2012-2013,Over 17,Had Serious Thoughts of Suicide in the Past Year,Percent,Mental Health,3.98,2012,Low
Midwestern Region,2012-2013,Over 17,Serious Mental Illness in the Past Year,Percent,Mental Health,4.27,2012,Low
Midwestern Region,2012-2013,Over 25,Any Mental Illness in the Past Year,Percent,Mental Health,18.35,2012,High
Midwestern Region,2012-2013,Over 25,Had at Least One Major Depressive Episode in the Past Year,Percent,Mental Health,6.46,2012,Medium
Midwestern Region,2012-2013,Over 25,Had Serious Thoughts of Suicide in the Past Year,Percent,Mental Health,3.36,2012,Low
Midwestern Region,2012-2013,Over 25,Serious Mental Illness in the Past Year,Percent,Mental Health,4.21,2012,Low
Midwestern Region,2013-2014,12-17,Had at Least One Major Depressive Episode in the Past Year,Percent,Mental Health,10.81,2013,Medium
Midwestern Region,2013-2014,18-25,Any Mental Illness in the Past Year,Percent,Mental Health,20.45,2013,High
Midwestern Region,2013-2014,18-25,Had at Least One Major Depressive Episode in the Past Year,Percent,Mental Health,9.39,2013,Medium
Midwestern Region,2013-2014,18-25,Had Serious Thoughts of Suicide in the Past Year,Percent,Mental Health,7.83,2013,Medium
Midwestern Region,2013-2014,18-25,Serious Mental Illness in the Past Year,Percent,Mental Health,4.93,2013,Low
Midwestern Region,2013-2014,Over 17,Any Mental Illness in the Past Year,Percent,Mental Health,18.61,2013,High
Midwestern Region,2013-2014,Over 17,Had at Least One Major Depressive Episode in the Past Year,Percent,Mental Health,6.81,2013,Medium
Midwestern Region,2013-2014,Over 17,Had Serious Thoughts of Suicide in the Past Year,Percent,Mental Health,4.11,2013,Low
Midwestern Region,2013-2014,Over 17,Serious Mental Illness in the Past Year,Percent,Mental Health,4.45,2013,Low
Midwestern Region,2013-2014,Over 25,Any Mental Illness in the Past Year,Percent,Mental Health,18.29,2013,High
Midwestern Region,2013-2014,Over 25,Had at Least One Major Depressive Episode in the Past Year,Percent,Mental Health,6.38,2013,Medium
Midwestern Region,2013-2014,Over 25,Had Serious Thoughts of Suicide in the Past Year,Percent,Mental Health,3.48,2013,Low
Midwestern Region,2013-2014,Over 25,Serious Mental Illness in the Past Year,Percent,Mental Health,4.37,2013,Low
Midwestern Region,2014-2015,12-17,Had at Least One Major Depressive Episode in the Past Year,Percent,Mental Health,12.12,2014,Medium
Midwestern Region,2014-2015,18-25,Any Mental Illness in the Past Year,Percent,Mental Health,21.43,2014,High
Midwestern Region,2014-2015,18-25,Had at Least One Major Depressive Episode in the Past Year,Percent,Mental Health,10.23,2014,Medium
Midwestern Region,2014-2015,18-25,Had Serious Thoughts of Suicide in the Past Year,Percent,Mental Health,8.08,2014,Medium
Midwestern Region,2014-2015,18-25,Serious Mental Illness in the Past Year,Percent,Mental Health,5.33,2014,Medium
Midwestern Region,2014-2015,Over 17,Any Mental Illness in the Past Year,Percent,Mental Health,18.34,2014,High
Midwestern Region,2014-2015,Over 17,Had at Least One Major Depressive Episode in the Past Year,Percent,Mental Health,6.87,2014,Medium
Midwestern Region,2014-2015,Over 17,Had Serious Thoughts of Suicide in the Past Year,Percent,Mental Health,4.14,2014,Low
Midwestern Region,2014-2015,Over 17,Serious Mental Illness in the Past Year,Percent,Mental Health,4.36,2014,Low
Midwestern Region,2014-2015,Over 25,Any Mental Illness in the Past Year,Percent,Mental Health,17.81,2014,High
Midwestern Region,2014-2015,Over 25,Had at Least One Major Depressive Episode in the Past Year,Percent,Mental Health,6.31,2014,Medium
Midwestern Region,2014-2015,Over 25,Had Serious Thoughts of Suicide in the Past Year,Percent,Mental Health,3.48,2014,Low
Midwestern Region,2014-2015,Over 25,Serious Mental Illness in the Past Year,Percent,Mental Health,4.19,2014,Low
Midwestern Region,2015-2016,12-17,Had at Least One Major Depressive Episode in the Past Year,Percent,Mental Health,13.53,2015,Medium
Midwestern Region,2015-2016,18-25,Any Mental Illness in the Past Year,Percent,Mental Health,22.25,2015,High
Midwestern Region,2015-2016,18-25,Had at Least One Major Depressive Episode in the Past Year,Percent,Mental Health,11.01,2015,Medium
Midwestern Region,2015-2016,18-25,Had Serious Thoughts of Suicide in the Past Year,Percent,Mental Health,8.66,2015,Medium
Midwestern Region,2015-2016,18-25,Serious Mental Illness in the Past Year,Percent,Mental Health,5.94,2015,Medium
Midwestern Region,2015-2016,Over 17,Any Mental Illness in the Past Year,Percent,Mental Health,18.01,2015,High
Midwestern Region,2015-2016,Over 17,Had at Least One Major Depressive Episode in the Past Year,Percent,Mental Health,6.89,2015,Medium
Midwestern Region,2015-2016,Over 17,Had Serious Thoughts of Suicide in the Past Year,Percent,Mental Health,4.14,2015,Low
Midwestern Region,2015-2016,Over 17,Serious Mental Illness in the Past Year,Percent,Mental Health,4.37,2015,Low
Midwestern Region,2015-2016,Over 25,Any Mental Illness in the Past Year,Percent,Mental Health,17.3,2015,High
Midwestern Region,2015-2016,Over 25,Had at Least One Major Depressive Episode in the Past Year,Percent,Mental Health,6.2,2015,Medium
Midwestern Region,2015-2016,Over 25,Had Serious Thoughts of Suicide in the Past Year,Percent,Mental Health,3.38,2015,Low
Midwestern Region,2015-2016,Over 25,Serious Mental Illness in the Past Year,Percent,Mental Health,4.11,2015,Low
Midwestern Region,2016-2017,12-17,Had at Least One Major Depressive Episode in the Past Year,Percent,Mental Health,13.93,2016,Medium
Midwestern Region,2016-2017,18-25,Any Mental Illness in the Past Year,Percent,Mental Health,24.92,2016,High
Midwestern Region,2016-2017,18-25,Had at Least One Major Depressive Episode in the Past Year,Percent,Mental Health,12.61,2016,Medium
Midwestern Region,2016-2017,18-25,Had Serious Thoughts of Suicide in the Past Year,Percent,Mental Health,9.98,2016,Medium
Midwestern Region,2016-2017,18-25,Serious Mental Illness in the Past Year,Percent,Mental Health,7.09,2016,Medium
Midwestern Region,2016-2017,Over 17,Any Mental Illness in the Past Year,Percent,Mental Health,18.78,2016,High
Midwestern Region,2016-2017,Over 17,Had at Least One Major Depressive Episode in the Past Year,Percent,Mental Health,7.24,2016,Medium
Midwestern Region,2016-2017,Over 17,Had Serious Thoughts of Suicide in the Past Year,Percent,Mental Health,4.35,2016,Low
Midwestern Region,2016-2017,Over 17,Serious Mental Illness in the Past Year,Percent,Mental Health,4.64,2016,Low
Midwestern Region,2016-2017,Over 25,Any Mental Illness in the Past Year,Percent,Mental Health,17.76,2016,High
Midwestern Region,2016-2017,Over 25,Had at Least One Major Depressive Episode in the Past Year,Percent,Mental Health,6.35,2016,Medium
Midwestern Region,2016-2017,Over 25,Had Serious Thoughts of Suicide in the Past Year,Percent,Mental Health,3.41,2016,Low
Midwestern Region,2016-2017,Over 25,Serious Mental Illness in the Past Year,Percent,Mental Health,4.24,2016,Low
Midwestern Region,2017-2018,18-25,Serious Mental Illness in the Past Year,Percent,Mental Health,8.16,2017,Medium
Midwestern Region,2017-2018,18-25,Any Mental Illness in the Past Year,Percent,Mental Health,27.47,2017,High
Midwestern Region,2017-2018,18-25,Had Serious Thoughts of Suicide in the Past Year,Percent,Mental Health,11.52,2017,Medium
Midwestern Region,2017-2018,18-25,Had at Least One Major Depressive Episode in the Past Year,Percent,Mental Health,14.26,2017,Medium
Midwestern Region,2017-2018,Over 17,Serious Mental Illness in the Past Year,Percent,Mental Health,4.91,2017,Low
Midwestern Region,2017-2018,Over 17,Any Mental Illness in the Past Year,Percent,Mental Health,19.88,2017,High
Midwestern Region,2017-2018,Over 17,Had Serious Thoughts of Suicide in the Past Year,Percent,Mental Health,4.65,2017,Low
Midwestern Region,2017-2018,Over 17,Had at Least One Major Depressive Episode in the Past Year,Percent,Mental Health,7.76,2017,Medium
Midwestern Region,2017-2018,Over 25,Serious Mental Illness in the Past Year,Percent,Mental Health,4.38,2017,Low
Midwestern Region,2017-2018,Over 25,Any Mental Illness in the Past Year,Percent,Mental Health,18.63,2017,High
Midwestern Region,2017-2018,Over 25,Had Serious Thoughts of Suicide in the Past Year,Percent,Mental Health,3.53,2017,Low
Midwestern Region,2017-2018,Over 25,Had at Least One Major Depressive Episode in the Past Year,Percent,Mental Health,6.7,2017,Medium
Northeastern Region,2009-2010,Over 17,Any Mental Illness in the Past Year,Percent,Mental Health,18.36,2009,High
Northeastern Region,2009-2010,Over 17,Had at Least One Major Depressive Episode in the Past Year,Percent,Mental Health,6.68,2009,Medium
Northeastern Region,2009-2010,Over 17,Had Serious Thoughts of Suicide in the Past Year,Percent,Mental Health,3.82,2009,Low
Northeastern Region,2009-2010,Over 17,Serious Mental Illness in the Past Year,Percent,Mental Health,3.74,2009,Low
Northeastern Region,2010-2011,12-17,Had at Least One Major Depressive Episode in the Past Year,Percent,Mental Health,7.85,2010,Medium
Northeastern Region,2010-2011,18-25,Any Mental Illness in the Past Year,Percent,Mental Health,18.37,2010,High
Northeastern Region,2010-2011,18-25,Had at Least One Major Depressive Episode in the Past Year,Percent,Mental Health,8.28,2010,Medium
Northeastern Region,2010-2011,18-25,Had Serious Thoughts of Suicide in the Past Year,Percent,Mental Health,6.81,2010,Medium
Northeastern Region,2010-2011,18-25,Serious Mental Illness in the Past Year,Percent,Mental Health,3.87,2010,Low
Northeastern Region,2010-2011,Over 17,Any Mental Illness in the Past Year,Percent,Mental Health,17.75,2010,High
Northeastern Region,2010-2011,Over 17,Had at Least One Major Depressive Episode in the Past Year,Percent,Mental Health,6.6,2010,Medium
Northeastern Region,2010-2011,Over 17,Had Serious Thoughts of Suicide in the Past Year,Percent,Mental Health,3.82,2010,Low
Northeastern Region,2010-2011,Over 17,Serious Mental Illness in the Past Year,Percent,Mental Health,3.68,2010,Low
Northeastern Region,2010-2011,Over 25,Any Mental Illness in the Past Year,Percent,Mental Health,17.65,2010,High
Northeastern Region,2010-2011,Over 25,Had at Least One Major Depressive Episode in the Past Year,Percent,Mental Health,6.32,2010,Medium
Northeastern Region,2010-2011,Over 25,Had Serious Thoughts of Suicide in the Past Year,Percent,Mental Health,3.32,2010,Low
Northeastern Region,2010-2011,Over 25,Serious Mental Illness in the Past Year,Percent,Mental Health,3.65,2010,Low
Northeastern Region,2011-2012,12-17,Had at Least One Major Depressive Episode in the Past Year,Percent,Mental Health,7.96,2011,Medium
Northeastern Region,2011-2012,18-25,Any Mental Illness in the Past Year,Percent,Mental Health,18.97,2011,High
Northeastern Region,2011-2012,18-25,Had at Least One Major Depressive Episode in the Past Year,Percent,Mental Health,8.27,2011,Medium
Northeastern Region,2011-2012,18-25,Had Serious Thoughts of Suicide in the Past Year,Percent,Mental Health,7.01,2011,Medium
Northeastern Region,2011-2012,18-25,Serious Mental Illness in the Past Year,Percent,Mental Health,3.9,2011,Low
Northeastern Region,2011-2012,Over 17,Any Mental Illness in the Past Year,Percent,Mental Health,17.63,2011,High
Northeastern Region,2011-2012,Over 17,Had at Least One Major Depressive Episode in the Past Year,Percent,Mental Health,6.35,2011,Medium
Northeastern Region,2011-2012,Over 17,Had Serious Thoughts of Suicide in the Past Year,Percent,Mental Health,3.77,2011,Low
Northeastern Region,2011-2012,Over 17,Serious Mental Illness in the Past Year,Percent,Mental Health,3.67,2011,Low
Northeastern Region,2011-2012,Over 25,Any Mental Illness in the Past Year,Percent,Mental Health,17.4,2011,High
Northeastern Region,2011-2012,Over 25,Had at Least One Major Depressive Episode in the Past Year,Percent,Mental Health,6.03,2011,Medium
Northeastern Region,2011-2012,Over 25,Had Serious Thoughts of Suicide in the Past Year,Percent,Mental Health,3.23,2011,Low
Northeastern Region,2011-2012,Over 25,Serious Mental Illness in the Past Year,Percent,Mental Health,3.62,2011,Low
Northeastern Region,2012-2013,12-17,Had at Least One Major Depressive Episode in the Past Year,Percent,Mental Health,9.16,2012,Medium
Northeastern Region,2012-2013,18-25,Any Mental Illness in the Past Year,Percent,Mental Health,19.89,2012,High
Northeastern Region,2012-2013,18-25,Had at Least One Major Depressive Episode in the Past Year,Percent,Mental Health,8.62,2012,Medium
Northeastern Region,2012-2013,18-25,Had Serious Thoughts of Suicide in the Past Year,Percent,Mental Health,7.31,2012,Medium
Northeastern Region,2012-2013,18-25,Serious Mental Illness in the Past Year,Percent,Mental Health,4.17,2012,Low
Northeastern Region,2012-2013,Over 17,Any Mental Illness in the Past Year,Percent,Mental Health,18.13,2012,High
Northeastern Region,2012-2013,Over 17,Had at Least One Major Depressive Episode in the Past Year,Percent,Mental Health,6.51,2012,Medium
Northeastern Region,2012-2013,Over 17,Had Serious Thoughts of Suicide in the Past Year,Percent,Mental Health,3.84,2012,Low
Northeastern Region,2012-2013,Over 17,Serious Mental Illness in the Past Year,Percent,Mental Health,3.86,2012,Low
Northeastern Region,2012-2013,Over 25,Any Mental Illness in the Past Year,Percent,Mental Health,17.84,2012,High
Northeastern Region,2012-2013,Over 25,Had at Least One Major Depressive Episode in the Past Year,Percent,Mental Health,6.16,2012,Medium
Northeastern Region,2012-2013,Over 25,Had Serious Thoughts of Suicide in the Past Year,Percent,Mental Health,3.26,2012,Low
Northeastern Region,2012-2013,Over 25,Serious Mental Illness in the Past Year,Percent,Mental Health,3.8,2012,Low
Northeastern Region,2013-2014,12-17,Had at Least One Major Depressive Episode in the Past Year,Percent,Mental Health,10.63,2013,Medium
Northeastern Region,2013-2014,18-25,Any Mental Illness in the Past Year,Percent,Mental Health,20.8,2013,High
Northeastern Region,2013-2014,18-25,Had at Least One Major Depressive Episode in the Past Year,Percent,Mental Health,9.61,2013,Medium
Northeastern Region,2013-2014,18-25,Had Serious Thoughts of Suicide in the Past Year,Percent,Mental Health,7.6,2013,Medium
Northeastern Region,2013-2014,18-25,Serious Mental Illness in the Past Year,Percent,Mental Health,4.67,2013,Low
Northeastern Region,2013-2014,Over 17,Any Mental Illness in the Past Year,Percent,Mental Health,17.87,2013,High
Northeastern Region,2013-2014,Over 17,Had at Least One Major Depressive Episode in the Past Year,Percent,Mental Health,6.66,2013,Medium
Northeastern Region,2013-2014,Over 17,Had Serious Thoughts of Suicide in the Past Year,Percent,Mental Health,3.81,2013,Low
Northeastern Region,2013-2014,Over 17,Serious Mental Illness in the Past Year,Percent,Mental Health,3.93,2013,Low
Northeastern Region,2013-2014,Over 25,Any Mental Illness in the Past Year,Percent,Mental Health,17.39,2013,High
Northeastern Region,2013-2014,Over 25,Had at Least One Major Depressive Episode in the Past Year,Percent,Mental Health,6.18,2013,Medium
Northeastern Region,2013-2014,Over 25,Had Serious Thoughts of Suicide in the Past Year,Percent,Mental Health,3.19,2013,Low
Northeastern Region,2013-2014,Over 25,Serious Mental Illness in the Past Year,Percent,Mental Health,3.8,2013,Low
Northeastern Region,2014-2015,12-17,Had at Least One Major Depressive Episode in the Past Year,Percent,Mental Health,11.68,2014,Medium
Northeastern Region,2014-2015,18-25,Any Mental Illness in the Past Year,Percent,Mental Health,22.0,2014,High
Northeastern Region,2014-2015,18-25,Had at Least One Major Depressive Episode in the Past Year,Percent,Mental Health,10.56,2014,Medium
Northeastern Region,2014-2015,18-25,Had Serious Thoughts of Suicide in the Past Year,Percent,Mental Health,8.15,2014,Medium
Northeastern Region,2014-2015,18-25,Serious Mental Illness in the Past Year,Percent,Mental Health,5.15,2014,Medium
Northeastern Region,2014-2015,Over 17,Any Mental Illness in the Past Year,Percent,Mental Health,17.76,2014,High
Northeastern Region,2014-2015,Over 17,Had at Least One Major Depressive Episode in the Past Year,Percent,Mental Health,6.82,2014,Medium
Northeastern Region,2014-2015,Over 17,Had Serious Thoughts of Suicide in the Past Year,Percent,Mental Health,3.93,2014,Low
Northeastern Region,2014-2015,Over 17,Serious Mental Illness in the Past Year,Percent,Mental Health,3.94,2014,Low
Northeastern Region,2014-2015,Over 25,Any Mental Illness in the Past Year,Percent,Mental Health,17.07,2014,High
Northeastern Region,2014-2015,Over 25,Had at Least One Major Depressive Episode in the Past Year,Percent,Mental Health,6.21,2014,Medium
Northeastern Region,2014-2015,Over 25,Had Serious Thoughts of Suicide in the Past Year,Percent,Mental Health,3.24,2014,Low
Northeastern Region,2014-2015,Over 25,Serious Mental Illness in the Past Year,Percent,Mental Health,3.74,2014,Low
Northeastern Region,2015-2016,12-17,Had at Least One Major Depressive Episode in the Past Year,Percent,Mental Health,12.13,2015,Medium
Northeastern Region,2015-2016,18-25,Any Mental Illness in the Past Year,Percent,Mental Health,22.58,2015,High
Northeastern Region,2015-2016,18-25,Had at Least One Major Depressive Episode in the Past Year,Percent,Mental Health,11.08,2015,Medium
Northeastern Region,2015-2016,18-25,Had Serious Thoughts of Suicide in the Past Year,Percent,Mental Health,8.81,2015,Medium
Northeastern Region,2015-2016,18-25,Serious Mental Illness in the Past Year,Percent,Mental Health,5.56,2015,Medium
Northeastern Region,2015-2016,Over 17,Any Mental Illness in the Past Year,Percent,Mental Health,17.86,2015,High
Northeastern Region,2015-2016,Over 17,Had at Least One Major Depressive Episode in the Past Year,Percent,Mental Health,6.8,2015,Medium
Northeastern Region,2015-2016,Over 17,Had Serious Thoughts of Suicide in the Past Year,Percent,Mental Health,4.03,2015,Low
Northeastern Region,2015-2016,Over 17,Serious Mental Illness in the Past Year,Percent,Mental Health,4.07,2015,Low
Northeastern Region,2015-2016,Over 25,Any Mental Illness in the Past Year,Percent,Mental Health,17.1,2015,High
Northeastern Region,2015-2016,Over 25,Had at Least One Major Depressive Episode in the Past Year,Percent,Mental Health,6.11,2015,Medium
Northeastern Region,2015-2016,Over 25,Had Serious Thoughts of Suicide in the Past Year,Percent,Mental Health,3.26,2015,Low
Northeastern Region,2015-2016,Over 25,Serious Mental Illness in the Past Year,Percent,Mental Health,3.83,2015,Low
Northeastern Region,2016-2017,12-17,Had at Least One Major Depressive Episode in the Past Year,Percent,Mental Health,12.14,2016,Medium
Northeastern Region,2016-2017,18-25,Any Mental Illness in the Past Year,Percent,Mental Health,24.1,2016,High
Northeastern Region,2016-2017,18-25,Had at Least One Major Depressive Episode in the Past Year,Percent,Mental Health,11.77,2016,Medium
Northeastern Region,2016-2017,18-25,Had Serious Thoughts of Suicide in the Past Year,Percent,Mental Health,9.5,2016,Medium
Northeastern Region,2016-2017,18-25,Serious Mental Illness in the Past Year,Percent,Mental Health,6.58,2016,Medium
Northeastern Region,2016-2017,Over 17,Any Mental Illness in the Past Year,Percent,Mental Health,18.01,2016,High
Northeastern Region,2016-2017,Over 17,Had at Least One Major Depressive Episode in the Past Year,Percent,Mental Health,6.76,2016,Medium
Northeastern Region,2016-2017,Over 17,Had Serious Thoughts of Suicide in the Past Year,Percent,Mental Health,3.99,2016,Low
Northeastern Region,2016-2017,Over 17,Serious Mental Illness in the Past Year,Percent,Mental Health,4.16,2016,Low
Northeastern Region,2016-2017,Over 25,Any Mental Illness in the Past Year,Percent,Mental Health,17.03,2016,High
Northeastern Region,2016-2017,Over 25,Had at Least One Major Depressive Episode in the Past Year,Percent,Mental Health,5.96,2016,Medium
Northeastern Region,2016-2017,Over 25,Had Serious Thoughts of Suicide in the Past Year,Percent,Mental Health,3.11,2016,Low
Northeastern Region,2016-2017,Over 25,Serious Mental Illness in the Past Year,Percent,Mental Health,3.78,2016,Low
Northeastern Region,2017-2018,18-25,Serious Mental Illness in the Past Year,Percent,Mental Health,7.46,2017,Medium
Northeastern Region,2017-2018,18-25,Any Mental Illness in the Past Year,Percent,Mental Health,26.47,2017,High
Northeastern Region,2017-2018,18-25,Had Serious Thoughts of Suicide in the Past Year,Percent,Mental Health,10.35,2017,Medium
Northeastern Region,2017-2018,18-25,Had at Least One Major Depressive Episode in the Past Year,Percent,Mental Health,12.84,2017,Medium
Northeastern Region,2017-2018,Over 17,Serious Mental Illness in the Past Year,Percent,Mental Health,4.22,2017,Low
Northeastern Region,2017-2018,Over 17,Any Mental Illness in the Past Year,Percent,Mental Health,18.53,2017,High
Northeastern Region,2017-2018,Over 17,Had Serious Thoughts of Suicide in the Past Year,Percent,Mental Health,4.04,2017,Low
Northeastern Region,2017-2018,Over 17,Had at Least One Major Depressive Episode in the Past Year,Percent,Mental Health,6.76,2017,Medium
Northeastern Region,2017-2018,Over 25,Serious Mental Illness in the Past Year,Percent,Mental Health,3.71,2017,Low
Northeastern Region,2017-2018,Over 25,Any Mental Illness in the Past Year,Percent,Mental Health,17.3,2017,High
Northeastern Region,2017-2018,Over 25,Had Serious Thoughts of Suicide in the Past Year,Percent,Mental Health,3.06,2017,Low
Northeastern Region,2017-2018,Over 25,Had at Least One Major Depressive Episode in the Past Year,Percent,Mental Health,5.82,2017,Medium
Southern Region,2009-2010,Over 17,Any Mental Illness in the Past Year,Percent,Mental Health,17.53,2009,High
Southern Region,2009-2010,Over 17,Had at Least One Major Depressive Episode in the Past Year,Percent,Mental Health,6.59,2009,Medium
Southern Region,2009-2010,Over 17,Had Serious Thoughts of Suicide in the Past Year,Percent,Mental Health,3.53,2009,Low
Southern Region,2009-2010,Over 17,Serious Mental Illness in the Past Year,Percent,Mental Health,3.78,2009,Low
Southern Region,2010-2011,12-17,Had at Least One Major Depressive Episode in the Past Year,Percent,Mental Health,8.03,2010,Medium
Southern Region,2010-2011,18-25,Any Mental Illness in the Past Year,Percent,Mental Health,17.27,2010,High
Southern Region,2010-2011,18-25,Had at Least One Major Depressive Episode in the Past Year,Percent,Mental Health,7.91,2010,Medium
Southern Region,2010-2011,18-25,Had Serious Thoughts of Suicide in the Past Year,Percent,Mental Health,6.52,2010,Medium
Southern Region,2010-2011,18-25,Serious Mental Illness in the Past Year,Percent,Mental Health,3.71,2010,Low
Southern Region,2010-2011,Over 17,Any Mental Illness in the Past Year,Percent,Mental Health,17.62,2010,High
Southern Region,2010-2011,Over 17,Had at Least One Major Depressive Episode in the Past Year,Percent,Mental Health,6.58,2010,Medium
Southern Region,2010-2011,Over 17,Had Serious Thoughts of Suicide in the Past Year,Percent,Mental Health,3.57,2010,Low
Southern Region,2010-2011,Over 17,Serious Mental Illness in the Past Year,Percent,Mental Health,3.86,2010,Low
Southern Region,2010-2011,Over 25,Any Mental Illness in the Past Year,Percent,Mental Health,17.69,2010,High
Southern Region,2010-2011,Over 25,Had at Least One Major Depressive Episode in the Past Year,Percent,Mental Health,6.35,2010,Medium
Southern Region,2010-2011,Over 25,Had Serious Thoughts of Suicide in the Past Year,Percent,Mental Health,3.06,2010,Low
Southern Region,2010-2011,Over 25,Serious Mental Illness in the Past Year,Percent,Mental Health,3.89,2010,Low
Southern Region,2011-2012,12-17,Had at Least One Major Depressive Episode in the Past Year,Percent,Mental Health,8.51,2011,Medium
Southern Region,2011-2012,18-25,Any Mental Illness in the Past Year,Percent,Mental Health,17.77,2011,High
Southern Region,2011-2012,18-25,Had at Least One Major Depressive Episode in the Past Year,Percent,Mental Health,8.01,2011,Medium
Southern Region,2011-2012,18-25,Had Serious Thoughts of Suicide in the Past Year,Percent,Mental Health,6.67,2011,Medium
Southern Region,2011-2012,18-25,Serious Mental Illness in the Past Year,Percent,Mental Health,3.74,2011,Low
Southern Region,2011-2012,Over 17,Any Mental Illness in the Past Year,Percent,Mental Health,18.16,2011,High
Southern Region,2011-2012,Over 17,Had at Least One Major Depressive Episode in the Past Year,Percent,Mental Health,6.74,2011,Medium
Southern Region,2011-2012,Over 17,Had Serious Thoughts of Suicide in the Past Year,Percent,Mental Health,3.65,2011,Low
Southern Region,2011-2012,Over 17,Serious Mental Illness in the Past Year,Percent,Mental Health,3.96,2011,Low
Southern Region,2011-2012,Over 25,Any Mental Illness in the Past Year,Percent,Mental Health,18.22,2011,High
Southern Region,2011-2012,Over 25,Had at Least One Major Depressive Episode in the Past Year,Percent,Mental Health,6.52,2011,Medium
Southern Region,2011-2012,Over 25,Had Serious Thoughts of Suicide in the Past Year,Percent,Mental Health,3.14,2011,Low
Southern Region,2011-2012,Over 25,Serious Mental Illness in the Past Year,Percent,Mental Health,4.0,2011,Low
Southern Region,2012-2013,12-17,Had at Least One Major Depressive Episode in the Past Year,Percent,Mental Health,9.77,2012,Medium
Southern Region,2012-2013,18-25,Any Mental Illness in the Past Year,Percent,Mental Health,18.08,2012,High
Southern Region,2012-2013,18-25,Had at Least One Major Depressive Episode in the Past Year,Percent,Mental Health,8.3,2012,Medium
Southern Region,2012-2013,18-25,Had Serious Thoughts of Suicide in the Past Year,Percent,Mental Health,6.78,2012,Medium
Southern Region,2012-2013,18-25,Serious Mental Illness in the Past Year,Percent,Mental Health,3.86,2012,Low
Southern Region,2012-2013,Over 17,Any Mental Illness in the Past Year,Percent,Mental Health,18.42,2012,High
Southern Region,2012-2013,Over 17,Had at Least One Major Depressive Episode in the Past Year,Percent,Mental Health,6.77,2012,Medium
Southern Region,2012-2013,Over 17,Had Serious Thoughts of Suicide in the Past Year,Percent,Mental Health,3.81,2012,Low
Southern Region,2012-2013,Over 17,Serious Mental Illness in the Past Year,Percent,Mental Health,4.2,2012,Low
Southern Region,2012-2013,Over 25,Any Mental Illness in the Past Year,Percent,Mental Health,18.48,2012,High
Southern Region,2012-2013,Over 25,Had at Least One Major Depressive Episode in the Past Year,Percent,Mental Health,6.51,2012,Medium
Southern Region,2012-2013,Over 25,Had Serious Thoughts of Suicide in the Past Year,Percent,Mental Health,3.3,2012,Low
Southern Region,2012-2013,Over 25,Serious Mental Illness in the Past Year,Percent,Mental Health,4.26,2012,Low
Southern Region,2013-2014,12-17,Had at Least One Major Depressive Episode in the Past Year,Percent,Mental Health,10.77,2013,Medium
Southern Region,2013-2014,18-25,Any Mental Illness in the Past Year,Percent,Mental Health,18.22,2013,High
Southern Region,2013-2014,18-25,Had at Least One Major Depressive Episode in the Past Year,Percent,Mental Health,8.31,2013,Medium
Southern Region,2013-2014,18-25,Had Serious Thoughts of Suicide in the Past Year,Percent,Mental Health,6.89,2013,Medium
Southern Region,2013-2014,18-25,Serious Mental Illness in the Past Year,Percent,Mental Health,4.18,2013,Low
Southern Region,2013-2014,Over 17,Any Mental Illness in the Past Year,Percent,Mental Health,18.01,2013,High
Southern Region,2013-2014,Over 17,Had at Least One Major Depressive Episode in the Past Year,Percent,Mental Health,6.47,2013,Medium
Southern Region,2013-2014,Over 17,Had Serious Thoughts of Suicide in the Past Year,Percent,Mental Health,3.84,2013,Low
Southern Region,2013-2014,Over 17,Serious Mental Illness in the Past Year,Percent,Mental Health,4.17,2013,Low
Southern Region,2013-2014,Over 25,Any Mental Illness in the Past Year,Percent,Mental Health,17.97,2013,High
Southern Region,2013-2014,Over 25,Had at Least One Major Depressive Episode in the Past Year,Percent,Mental Health,6.16,2013,Medium
Southern Region,2013-2014,Over 25,Had Serious Thoughts of Suicide in the Past Year,Percent,Mental Health,3.33,2013,Low
Southern Region,2013-2014,Over 25,Serious Mental Illness in the Past Year,Percent,Mental Health,4.17,2013,Low
Southern Region,2014-2015,12-17,Had at Least One Major Depressive Episode in the Past Year,Percent,Mental Health,11.51,2014,Medium
Southern Region,2014-2015,18-25,Any Mental Illness in the Past Year,Percent,Mental Health,19.31,2014,High
Southern Region,2014-2015,18-25,Had at Least One Major Depressive Episode in the Past Year,Percent,Mental Health,9.09,2014,Medium
Southern Region,2014-2015,18-25,Had Serious Thoughts of Suicide in the Past Year,Percent,Mental Health,7.4,2014,Medium
Southern Region,2014-2015,18-25,Serious Mental Illness in the Past Year,Percent,Mental Health,4.54,2014,Low
Southern Region,2014-2015,Over 17,Any Mental Illness in the Past Year,Percent,Mental Health,17.82,2014,High
Southern Region,2014-2015,Over 17,Had at Least One Major Depressive Episode in the Past Year,Percent,Mental Health,6.52,2014,Medium
Southern Region,2014-2015,Over 17,Had Serious Thoughts of Suicide in the Past Year,Percent,Mental Health,3.86,2014,Low
Southern Region,2014-2015,Over 17,Serious Mental Illness in the Past Year,Percent,Mental Health,4.0,2014,Low
Southern Region,2014-2015,Over 25,Any Mental Illness in the Past Year,Percent,Mental Health,17.57,2014,High
Southern Region,2014-2015,Over 25,Had at Least One Major Depressive Episode in the Past Year,Percent,Mental Health,6.09,2014,Medium
Southern Region,2014-2015,Over 25,Had Serious Thoughts of Suicide in the Past Year,Percent,Mental Health,3.27,2014,Low
Southern Region,2014-2015,Over 25,Serious Mental Illness in the Past Year,Percent,Mental Health,3.91,2014,Low
Southern Region,2015-2016,12-17,Had at Least One Major Depressive Episode in the Past Year,Percent,Mental Health,11.9,2015,Medium
Southern Region,2015-2016,18-25,Any Mental Illness in the Past Year,Percent,Mental Health,20.5,2015,High
Southern Region,2015-2016,18-25,Had at Least One Major Depressive Episode in the Past Year,Percent,Mental Health,9.91,2015,Medium
Southern Region,2015-2016,18-25,Had Serious Thoughts of Suicide in the Past Year,Percent,Mental Health,8.06,2015,Medium
Southern Region,2015-2016,18-25,Serious Mental Illness in the Past Year,Percent,Mental Health,5.03,2015,Medium
Southern Region,2015-2016,Over 17,Any Mental Illness in the Past Year,Percent,Mental Health,17.95,2015,High
Southern Region,2015-2016,Over 17,Had at Least One Major Depressive Episode in the Past Year,Percent,Mental Health,6.6,2015,Medium
Southern Region,2015-2016,Over 17,Had Serious Thoughts of Suicide in the Past Year,Percent,Mental Health,3.84,2015,Low
Southern Region,2015-2016,Over 17,Serious Mental Illness in the Past Year,Percent,Mental Health,4.05,2015,Low
Southern Region,2015-2016,Over 25,Any Mental Illness in the Past Year,Percent,Mental Health,17.53,2015,High
Southern Region,2015-2016,Over 25,Had at Least One Major Depressive Episode in the Past Year,Percent,Mental Health,6.05,2015,Medium
Southern Region,2015-2016,Over 25,Had Serious Thoughts of Suicide in the Past Year,Percent,Mental Health,3.15,2015,Low
Southern Region,2015-2016,Over 25,Serious Mental Illness in the Past Year,Percent,Mental Health,3.89,2015,Low
Southern Region,2016-2017,12-17,Had at Least One Major Depressive Episode in the Past Year,Percent,Mental Health,12.39,2016,Medium
Southern Region,2016-2017,18-25,Any Mental Illness in the Past Year,Percent,Mental Health,22.47,2016,High
Southern Region,2016-2017,18-25,Had at Least One Major Depressive Episode in the Past Year,Percent,Mental Health,10.91,2016,Medium
Southern Region,2016-2017,18-25,Had Serious Thoughts of Suicide in the Past Year,Percent,Mental Health,9.24,2016,Medium
Southern Region,2016-2017,18-25,Serious Mental Illness in the Past Year,Percent,Mental Health,6.25,2016,Medium
Southern Region,2016-2017,Over 17,Any Mental Illness in the Past Year,Percent,Mental Health,18.18,2016,High
Southern Region,2016-2017,Over 17,Had at Least One Major Depressive Episode in the Past Year,Percent,Mental Health,6.66,2016,Medium
Southern Region,2016-2017,Over 17,Had Serious Thoughts of Suicide in the Past Year,Percent,Mental Health,4.03,2016,Low
Southern Region,2016-2017,Over 17,Serious Mental Illness in the Past Year,Percent,Mental Health,4.31,2016,Low
Southern Region,2016-2017,Over 25,Any Mental Illness in the Past Year,Percent,Mental Health,17.49,2016,High
Southern Region,2016-2017,Over 25,Had at Least One Major Depressive Episode in the Past Year,Percent,Mental Health,5.98,2016,Medium
Southern Region,2016-2017,Over 25,Had Serious Thoughts of Suicide in the Past Year,Percent,Mental Health,3.2,2016,Low
Southern Region,2016-2017,Over 25,Serious Mental Illness in the Past Year,Percent,Mental Health,4.0,2016,Low
Southern Region,2017-2018,18-25,Serious Mental Illness in the Past Year,Percent,Mental Health,7.07,2017,Medium
Southern Region,2017-2018,18-25,Any Mental Illness in the Past Year,Percent,Mental Health,24.11,2017,High
Southern Region,2017-2018,18-25,Had Serious Thoughts of Suicide in the Past Year,Percent,Mental Health,10.2,2017,Medium
Southern Region,2017-2018,18-25,Had at Least One Major Depressive Episode in the Past Year,Percent,Mental Health,12.51,2017,Medium
Southern Region,2017-2018,Over 17,Serious Mental Illness in the Past Year,Percent,Mental Health,4.44,2017,Low
Southern Region,2017-2018,Over 17,Any Mental Illness in the Past Year,Percent,Mental Health,18.18,2017,High
Southern Region,2017-2018,Over 17,Had Serious Thoughts of Suicide in the Past Year,Percent,Mental Health,4.14,2017,Low
Southern Region,2017-2018,Over 17,Had at Least One Major Depressive Episode in the Past Year,Percent,Mental Health,6.8,2017,Medium
Southern Region,2017-2018,Over 25,Serious Mental Illness in the Past Year,Percent,Mental Health,4.02,2017,Low
Southern Region,2017-2018,Over 25,Any Mental Illness in the Past Year,Percent,Mental Health,17.24,2017,High
Southern Region,2017-2018,Over 25,Had Serious Thoughts of Suicide in the Past Year,Percent,Mental Health,3.18,2017,Low
Southern Region,2017-2018,Over 25,Had at Least One Major Depressive Episode in the Past Year,Percent,Mental Health,5.91,2017,Medium
United States,2009-2010,Over 17,Any Mental Illness in the Past Year,Percent,Mental Health,18.1,2009,High
United States,2009-2010,Over 17,Had at Least One Major Depressive Episode in the Past Year,Percent,Mental Health,6.7,2009,Medium
United States,2009-2010,Over 17,Had Serious Thoughts of Suicide in the Past Year,Percent,Mental Health,3.78,2009,Low
United States,2009-2010,Over 17,Serious Mental Illness in the Past Year,Percent,Mental Health,3.88,2009,Low
United States,2010-2011,12-17,Had at Least One Major Depressive Episode in the Past Year,Percent,Mental Health,8.15,2010,Medium
United States,2010-2011,18-25,Any Mental Illness in the Past Year,Percent,Mental Health,18.33,2010,High
United States,2010-2011,18-25,Had at Least One Major Depressive Episode in the Past Year,Percent,Mental Health,8.29,2010,Medium
United States,2010-2011,18-25,Had Serious Thoughts of Suicide in the Past Year,Percent,Mental Health,6.74,2010,Medium
United States,2010-2011,18-25,Serious Mental Illness in the Past Year,Percent,Mental Health,3.86,2010,Low
United States,2010-2011,Over 17,Any Mental Illness in the Past Year,Percent,Mental Health,17.9,2010,High
United States,2010-2011,Over 17,Had at Least One Major Depressive Episode in the Past Year,Percent,Mental Health,6.7,2010,Medium
United States,2010-2011,Over 17,Had Serious Thoughts of Suicide in the Past Year,Percent,Mental Health,3.75,2010,Low
United States,2010-2011,Over 17,Serious Mental Illness in the Past Year,Percent,Mental Health,3.95,2010,Low
United States,2010-2011,Over 25,Any Mental Illness in the Past Year,Percent,Mental Health,17.83,2010,High
United States,2010-2011,Over 25,Had at Least One Major Depressive Episode in the Past Year,Percent,Mental Health,6.42,2010,Medium
United States,2010-2011,Over 25,Had Serious Thoughts of Suicide in the Past Year,Percent,Mental Health,3.23,2010,Low
United States,2010-2011,Over 25,Serious Mental Illness in the Past Year,Percent,Mental Health,3.96,2010,Low
United States,2011-2012,12-17,Had at Least One Major Depressive Episode in the Past Year,Percent,Mental Health,8.66,2011,Medium
United States,2011-2012,18-25,Any Mental Illness in the Past Year,Percent,Mental Health,19.06,2011,High
United States,2011-2012,18-25,Had at Least One Major Depressive Episode in the Past Year,Percent,Mental Health,8.61,2011,Medium
United States,2011-2012,18-25,Had Serious Thoughts of Suicide in the Past Year,Percent,Mental Health,7.03,2011,Medium
United States,2011-2012,18-25,Serious Mental Illness in the Past Year,Percent,Mental Health,3.95,2011,Low
United States,2011-2012,Over 17,Any Mental Illness in the Past Year,Percent,Mental Health,18.19,2011,High
United States,2011-2012,Over 17,Had at Least One Major Depressive Episode in the Past Year,Percent,Mental Health,6.72,2011,Medium
United States,2011-2012,Over 17,Had Serious Thoughts of Suicide in the Past Year,Percent,Mental Health,3.77,2011,Low
United States,2011-2012,Over 17,Serious Mental Illness in the Past Year,Percent,Mental Health,3.97,2011,Low
United States,2011-2012,Over 25,Any Mental Illness in the Past Year,Percent,Mental Health,18.04,2011,High
United States,2011-2012,Over 25,Had at Least One Major Depressive Episode in the Past Year,Percent,Mental Health,6.39,2011,Medium
United States,2011-2012,Over 25,Had Serious Thoughts of Suicide in the Past Year,Percent,Mental Health,3.21,2011,Low
United States,2011-2012,Over 25,Serious Mental Illness in the Past Year,Percent,Mental Health,3.98,2011,Low
United States,2012-2013,12-17,Had at Least One Major Depressive Episode in the Past Year,Percent,Mental Health,9.86,2012,Medium
United States,2012-2013,18-25,Any Mental Illness in the Past Year,Percent,Mental Health,19.5,2012,High
United States,2012-2013,18-25,Had at Least One Major Depressive Episode in the Past Year,Percent,Mental Health,8.81,2012,Medium
United States,2012-2013,18-25,Had Serious Thoughts of Suicide in the Past Year,Percent,Mental Health,7.33,2012,Medium
United States,2012-2013,18-25,Serious Mental Illness in the Past Year,Percent,Mental Health,4.17,2012,Low
United States,2012-2013,Over 17,Any Mental Illness in the Past Year,Percent,Mental Health,18.53,2012,High
United States,2012-2013,Over 17,Had at Least One Major Depressive Episode in the Past Year,Percent,Mental Health,6.77,2012,Medium
United States,2012-2013,Over 17,Had Serious Thoughts of Suicide in the Past Year,Percent,Mental Health,3.89,2012,Low
United States,2012-2013,Over 17,Serious Mental Illness in the Past Year,Percent,Mental Health,4.14,2012,Low
United States,2012-2013,Over 25,Any Mental Illness in the Past Year,Percent,Mental Health,18.36,2012,High
United States,2012-2013,Over 25,Had at Least One Major Depressive Episode in the Past Year,Percent,Mental Health,6.41,2012,Medium
United States,2012-2013,Over 25,Had Serious Thoughts of Suicide in the Past Year,Percent,Mental Health,3.3,2012,Low
United States,2012-2013,Over 25,Serious Mental Illness in the Past Year,Percent,Mental Health,4.14,2012,Low
United States,2013-2014,12-17,Had at Least One Major Depressive Episode in the Past Year,Percent,Mental Health,11.01,2013,Medium
United States,2013-2014,18-25,Any Mental Illness in the Past Year,Percent,Mental Health,19.75,2013,High
United States,2013-2014,18-25,Had at Least One Major Depressive Episode in the Past Year,Percent,Mental Health,9.0,2013,Medium
United States,2013-2014,18-25,Had Serious Thoughts of Suicide in the Past Year,Percent,Mental Health,7.44,2013,Medium
United States,2013-2014,18-25,Serious Mental Illness in the Past Year,Percent,Mental Health,4.52,2013,Low
United States,2013-2014,Over 17,Any Mental Illness in the Past Year,Percent,Mental Health,18.29,2013,High
United States,2013-2014,Over 17,Had at Least One Major Depressive Episode in the Past Year,Percent,Mental Health,6.63,2013,Medium
United States,2013-2014,Over 17,Had Serious Thoughts of Suicide in the Past Year,Percent,Mental Health,3.94,2013,Low
United States,2013-2014,Over 17,Serious Mental Illness in the Past Year,Percent,Mental Health,4.15,2013,Low
United States,2013-2014,Over 25,Any Mental Illness in the Past Year,Percent,Mental Health,18.05,2013,High
United States,2013-2014,Over 25,Had at Least One Major Depressive Episode in the Past Year,Percent,Mental Health,6.22,2013,Medium
United States,2013-2014,Over 25,Had Serious Thoughts of Suicide in the Past Year,Percent,Mental Health,3.34,2013,Low
United States,2013-2014,Over 25,Serious Mental Illness in the Past Year,Percent,Mental Health,4.09,2013,Low
United States,2014-2015,12-17,Had at Least One Major Depressive Episode in the Past Year,Percent,Mental Health,11.93,2014,Medium
United States,2014-2015,18-25,Any Mental Illness in the Past Year,Percent,Mental Health,20.89,2014,High
United States,2014-2015,18-25,Had at Least One Major Depressive Episode in the Past Year,Percent,Mental Health,9.79,2014,Medium
United States,2014-2015,18-25,Had Serious Thoughts of Suicide in the Past Year,Percent,Mental Health,7.88,2014,Medium
United States,2014-2015,18-25,Serious Mental Illness in the Past Year,Percent,Mental Health,4.92,2014,Low
United States,2014-2015,Over 17,Any Mental Illness in the Past Year,Percent,Mental Health,18.01,2014,High
United States,2014-2015,Over 17,Had at Least One Major Depressive Episode in the Past Year,Percent,Mental Health,6.64,2014,Medium
United States,2014-2015,Over 17,Had Serious Thoughts of Suicide in the Past Year,Percent,Mental Health,3.99,2014,Low
United States,2014-2015,Over 17,Serious Mental Illness in the Past Year,Percent,Mental Health,4.05,2014,Low
United States,2014-2015,Over 25,Any Mental Illness in the Past Year,Percent,Mental Health,17.52,2014,High
United States,2014-2015,Over 25,Had at Least One Major Depressive Episode in the Past Year,Percent,Mental Health,6.11,2014,Medium
United States,2014-2015,Over 25,Had Serious Thoughts of Suicide in the Past Year,Percent,Mental Health,3.34,2014,Low
United States,2014-2015,Over 25,Serious Mental Illness in the Past Year,Percent,Mental Health,3.91,2014,Low
United States,2015-2016,12-17,Had at Least One Major Depressive Episode in the Past Year,Percent,Mental Health,12.63,2015,Medium
United States,2015-2016,18-25,Any Mental Illness in the Past Year,Percent,Mental Health,21.89,2015,High
United States,2015-2016,18-25,Had at Least One Major Depressive Episode in the Past Year,Percent,Mental Health,10.59,2015,Medium
United States,2015-2016,18-25,Had Serious Thoughts of Suicide in the Past Year,Percent,Mental Health,8.57,2015,Medium
United States,2015-2016,18-25,Serious Mental Illness in the Past Year,Percent,Mental Health,5.46,2015,Medium
United States,2015-2016,Over 17,Any Mental Illness in the Past Year,Percent,Mental Health,18.07,2015,High
United States,2015-2016,Over 17,Had at Least One Major Depressive Episode in the Past Year,Percent,Mental Health,6.7,2015,Medium
United States,2015-2016,Over 17,Had Serious Thoughts of Suicide in the Past Year,Percent,Mental Health,4.04,2015,Low
United States,2015-2016,Over 17,Serious Mental Illness in the Past Year,Percent,Mental Health,4.13,2015,Low
United States,2015-2016,Over 25,Any Mental Illness in the Past Year,Percent,Mental Health,17.44,2015,High
United States,2015-2016,Over 25,Had at Least One Major Depressive Episode in the Past Year,Percent,Mental Health,6.06,2015,Medium
United States,2015-2016,Over 25,Had Serious Thoughts of Suicide in the Past Year,Percent,Mental Health,3.3,2015,Low
United States,2015-2016,Over 25,Serious Mental Illness in the Past Year,Percent,Mental Health,3.91,2015,Low
United States,2016-2017,12-17,Had at Least One Major Depressive Episode in the Past Year,Percent,Mental Health,13.01,2016,Medium
United States,2016-2017,18-25,Any Mental Illness in the Past Year,Percent,Mental Health,23.93,2016,High
United States,2016-2017,18-25,Had at Least One Major Depressive Episode in the Past Year,Percent,Mental Health,11.95,2016,Medium
United States,2016-2017,18-25,Had Serious Thoughts of Suicide in the Past Year,Percent,Mental Health,9.64,2016,Medium
United States,2016-2017,18-25,Serious Mental Illness in the Past Year,Percent,Mental Health,6.68,2016,Medium
United States,2016-2017,Over 17,Any Mental Illness in the Past Year,Percent,Mental Health,18.57,2016,High
United States,2016-2017,Over 17,Had at Least One Major Depressive Episode in the Past Year,Percent,Mental Health,6.89,2016,Medium
United States,2016-2017,Over 17,Had Serious Thoughts of Suicide in the Past Year,Percent,Mental Health,4.19,2016,Low
United States,2016-2017,Over 17,Serious Mental Illness in the Past Year,Percent,Mental Health,4.38,2016,Low
United States,2016-2017,Over 25,Any Mental Illness in the Past Year,Percent,Mental Health,17.69,2016,High
United States,2016-2017,Over 25,Had at Least One Major Depressive Episode in the Past Year,Percent,Mental Health,6.07,2016,Medium
United States,2016-2017,Over 25,Had Serious Thoughts of Suicide in the Past Year,Percent,Mental Health,3.31,2016,Low
United States,2016-2017,Over 25,Serious Mental Illness in the Past Year,Percent,Mental Health,4.01,2016,Low
United States,2017-2018,18-25,Serious Mental Illness in the Past Year,Percent,Mental Health,7.59,2017,Medium
United States,2017-2018,18-25,Any Mental Illness in the Past Year,Percent,Mental Health,26.04,2017,High
United States,2017-2018,18-25,Had Serious Thoughts of Suicide in the Past Year,Percent,Mental Health,10.73,2017,Medium
United States,2017-2018,18-25,Had at Least One Major Depressive Episode in the Past Year,Percent,Mental Health,13.4,2017,Medium
United States,2017-2018,Over 17,Serious Mental Illness in the Past Year,Percent,Mental Health,4.55,2017,Low
United States,2017-2018,Over 17,Any Mental Illness in the Past Year,Percent,Mental Health,19.0,2017,High
United States,2017-2018,Over 17,Had Serious Thoughts of Suicide in the Past Year,Percent,Mental Health,4.34,2017,Low
United States,2017-2018,Over 17,Had at Least One Major Depressive Episode in the Past Year,Percent,Mental Health,7.14,2017,Medium
United States,2017-2018,Over 25,Serious Mental Illness in the Past Year,Percent,Mental Health,4.06,2017,Low
United States,2017-2018,Over 25,Any Mental Illness in the Past Year,Percent,Mental Health,17.88,2017,High
United States,2017-2018,Over 25,Had Serious Thoughts of Suicide in the Past Year,Percent,Mental Health,3.32,2017,Low
United States,2017-2018,Over 25,Had at Least One Major Depressive Episode in the Past Year,Percent,Mental Health,6.14,2017,Medium
Western Region,2009-2010,Over 17,Any Mental Illness in the Past Year,Percent,Mental Health,18.32,2009,High
Western Region,2009-2010,Over 17,Had at Least One Major Depressive Episode in the Past Year,Percent,Mental Health,6.63,2009,Medium
Western Region,2009-2010,Over 17,Had Serious Thoughts of Suicide in the Past Year,Percent,Mental Health,3.88,2009,Low
Western Region,2009-2010,Over 17,Serious Mental Illness in the Past Year,Percent,Mental Health,3.84,2009,Low
Western Region,2010-2011,12-17,Had at Least One Major Depressive Episode in the Past Year,Percent,Mental Health,8.4,2010,Medium
Western Region,2010-2011,18-25,Any Mental Illness in the Past Year,Percent,Mental Health,19.34,2010,High
Western Region,2010-2011,18-25,Had at Least One Major Depressive Episode in the Past Year,Percent,Mental Health,8.56,2010,Medium
Western Region,2010-2011,18-25,Had Serious Thoughts of Suicide in the Past Year,Percent,Mental Health,6.81,2010,Medium
Western Region,2010-2011,18-25,Serious Mental Illness in the Past Year,Percent,Mental Health,3.95,2010,Low
Western Region,2010-2011,Over 17,Any Mental Illness in the Past Year,Percent,Mental Health,17.97,2010,High
Western Region,2010-2011,Over 17,Had at Least One Major Depressive Episode in the Past Year,Percent,Mental Health,6.65,2010,Medium
Western Region,2010-2011,Over 17,Had Serious Thoughts of Suicide in the Past Year,Percent,Mental Health,3.76,2010,Low
Western Region,2010-2011,Over 17,Serious Mental Illness in the Past Year,Percent,Mental Health,3.99,2010,Low
Western Region,2010-2011,Over 25,Any Mental Illness in the Past Year,Percent,Mental Health,17.72,2010,High
Western Region,2010-2011,Over 25,Had at Least One Major Depressive Episode in the Past Year,Percent,Mental Health,6.31,2010,Medium
Western Region,2010-2011,Over 25,Had Serious Thoughts of Suicide in the Past Year,Percent,Mental Health,3.21,2010,Low
Western Region,2010-2011,Over 25,Serious Mental Illness in the Past Year,Percent,Mental Health,4.0,2010,Low
Western Region,2011-2012,12-17,Had at Least One Major Depressive Episode in the Past Year,Percent,Mental Health,9.37,2011,Medium
Western Region,2011-2012,18-25,Any Mental Illness in the Past Year,Percent,Mental Health,20.63,2011,High
Western Region,2011-2012,18-25,Had at Least One Major Depressive Episode in the Past Year,Percent,Mental Health,9.36,2011,Medium
Western Region,2011-2012,18-25,Had Serious Thoughts of Suicide in the Past Year,Percent,Mental Health,7.32,2011,Medium
Western Region,2011-2012,18-25,Serious Mental Illness in the Past Year,Percent,Mental Health,3.99,2011,Low
Western Region,2011-2012,Over 17,Any Mental Illness in the Past Year,Percent,Mental Health,18.54,2011,High
Western Region,2011-2012,Over 17,Had at Least One Major Depressive Episode in the Past Year,Percent,Mental Health,6.89,2011,Medium
Western Region,2011-2012,Over 17,Had Serious Thoughts of Suicide in the Past Year,Percent,Mental Health,3.82,2011,Low
Western Region,2011-2012,Over 17,Serious Mental Illness in the Past Year,Percent,Mental Health,4.07,2011,Low
Western Region,2011-2012,Over 25,Any Mental Illness in the Past Year,Percent,Mental Health,18.17,2011,High
Western Region,2011-2012,Over 25,Had at Least One Major Depressive Episode in the Past Year,Percent,Mental Health,6.45,2011,Medium
Western Region,2011-2012,Over 25,Had Serious Thoughts of Suicide in the Past Year,Percent,Mental Health,3.19,2011,Low
Western Region,2011-2012,Over 25,Serious Mental Illness in the Past Year,Percent,Mental Health,4.08,2011,Low
Western Region,2012-2013,12-17,Had at Least One Major Depressive Episode in the Past Year,Percent,Mental Health,10.61,2012,Medium
Western Region,2012-2013,18-25,Any Mental Illness in the Past Year,Percent,Mental Health,21.07,2012,High
Western Region,2012-2013,18-25,Had at Least One Major Depressive Episode in the Past Year,Percent,Mental Health,9.45,2012,Medium
Western Region,2012-2013,18-25,Had Serious Thoughts of Suicide in the Past Year,Percent,Mental Health,7.88,2012,Medium
Western Region,2012-2013,18-25,Serious Mental Illness in the Past Year,Percent,Mental Health,4.25,2012,Low
Western Region,2012-2013,Over 17,Any Mental Illness in the Past Year,Percent,Mental Health,18.96,2012,High
Western Region,2012-2013,Over 17,Had at Least One Major Depressive Episode in the Past Year,Percent,Mental Health,6.89,2012,Medium
Western Region,2012-2013,Over 17,Had Serious Thoughts of Suicide in the Past Year,Percent,Mental Health,3.97,2012,Low
Western Region,2012-2013,Over 17,Serious Mental Illness in the Past Year,Percent,Mental Health,4.16,2012,Low
Western Region,2012-2013,Over 25,Any Mental Illness in the Past Year,Percent,Mental Health,18.58,2012,High
Western Region,2012-2013,Over 25,Had at Least One Major Depressive Episode in the Past Year,Percent,Mental Health,6.43,2012,Medium
Western Region,2012-2013,Over 25,Had Serious Thoughts of Suicide in the Past Year,Percent,Mental Health,3.27,2012,Low
Western Region,2012-2013,Over 25,Serious Mental Illness in the Past Year,Percent,Mental Health,4.15,2012,Low
Western Region,2013-2014,12-17,Had at Least One Major Depressive Episode in the Past Year,Percent,Mental Health,11.82,2013,Medium
Western Region,2013-2014,18-25,Any Mental Illness in the Past Year,Percent,Mental Health,20.7,2013,High
Western Region,2013-2014,18-25,Had at Least One Major Depressive Episode in the Past Year,Percent,Mental Health,9.3,2013,Medium
Western Region,2013-2014,18-25,Had Serious Thoughts of Suicide in the Past Year,Percent,Mental Health,7.84,2013,Medium
Western Region,2013-2014,18-25,Serious Mental Illness in the Past Year,Percent,Mental Health,4.56,2013,Low
Western Region,2013-2014,Over 17,Any Mental Illness in the Past Year,Percent,Mental Health,18.79,2013,High
Western Region,2013-2014,Over 17,Had at Least One Major Depressive Episode in the Past Year,Percent,Mental Health,6.67,2013,Medium
Western Region,2013-2014,Over 17,Had Serious Thoughts of Suicide in the Past Year,Percent,Mental Health,4.02,2013,Low
Western Region,2013-2014,Over 17,Serious Mental Illness in the Past Year,Percent,Mental Health,4.02,2013,Low
Western Region,2013-2014,Over 25,Any Mental Illness in the Past Year,Percent,Mental Health,18.46,2013,High
Western Region,2013-2014,Over 25,Had at Least One Major Depressive Episode in the Past Year,Percent,Mental Health,6.2,2013,Medium
Western Region,2013-2014,Over 25,Had Serious Thoughts of Suicide in the Past Year,Percent,Mental Health,3.35,2013,Low
Western Region,2013-2014,Over 25,Serious Mental Illness in the Past Year,Percent,Mental Health,3.93,2013,Low
Western Region,2014-2015,12-17,Had at Least One Major Depressive Episode in the Past Year,Percent,Mental Health,12.59,2014,Medium
Western Region,2014-2015,18-25,Any Mental Illness in the Past Year,Percent,Mental Health,22.03,2014,High
Western Region,2014-2015,18-25,Had at Least One Major Depressive Episode in the Past Year,Percent,Mental Health,9.94,2014,Medium
Western Region,2014-2015,18-25,Had Serious Thoughts of Suicide in the Past Year,Percent,Mental Health,8.25,2014,Medium
Western Region,2014-2015,18-25,Serious Mental Illness in the Past Year,Percent,Mental Health,4.98,2014,Low
Western Region,2014-2015,Over 17,Any Mental Illness in the Past Year,Percent,Mental Health,18.18,2014,High
Western Region,2014-2015,Over 17,Had at Least One Major Depressive Episode in the Past Year,Percent,Mental Health,6.47,2014,Medium
Western Region,2014-2015,Over 17,Had Serious Thoughts of Suicide in the Past Year,Percent,Mental Health,4.12,2014,Low
Western Region,2014-2015,Over 17,Serious Mental Illness in the Past Year,Percent,Mental Health,3.96,2014,Low
Western Region,2014-2015,Over 25,Any Mental Illness in the Past Year,Percent,Mental Health,17.51,2014,High
Western Region,2014-2015,Over 25,Had at Least One Major Depressive Episode in the Past Year,Percent,Mental Health,5.87,2014,Medium
Western Region,2014-2015,Over 25,Had Serious Thoughts of Suicide in the Past Year,Percent,Mental Health,3.41,2014,Low
Western Region,2014-2015,Over 25,Serious Mental Illness in the Past Year,Percent,Mental Health,3.78,2014,Low
Western Region,2015-2016,12-17,Had at Least One Major Depressive Episode in the Past Year,Percent,Mental Health,13.32,2015,Medium
Western Region,2015-2016,18-25,Any Mental Illness in the Past Year,Percent,Mental Health,23.21,2015,High
Western Region,2015-2016,18-25,Had at Least One Major Depressive Episode in the Past Year,Percent,Mental Health,10.89,2015,Medium
Western Region,2015-2016,18-25,Had Serious Thoughts of Suicide in the Past Year,Percent,Mental Health,9.09,2015,Medium
Western Region,2015-2016,18-25,Serious Mental Illness in the Past Year,Percent,Mental Health,5.62,2015,Medium
Western Region,2015-2016,Over 17,Any Mental Illness in the Past Year,Percent,Mental Health,18.48,2015,High
Western Region,2015-2016,Over 17,Had at Least One Major Depressive Episode in the Past Year,Percent,Mental Health,6.61,2015,Medium
Western Region,2015-2016,Over 17,Had Serious Thoughts of Suicide in the Past Year,Percent,Mental Health,4.3,2015,Low
Western Region,2015-2016,Over 17,Serious Mental Illness in the Past Year,Percent,Mental Health,4.09,2015,Low
Western Region,2015-2016,Over 25,Any Mental Illness in the Past Year,Percent,Mental Health,17.67,2015,High
Western Region,2015-2016,Over 25,Had at Least One Major Depressive Episode in the Past Year,Percent,Mental Health,5.88,2015,Medium
Western Region,2015-2016,Over 25,Had Serious Thoughts of Suicide in the Past Year,Percent,Mental Health,3.48,2015,Low
Western Region,2015-2016,Over 25,Serious Mental Illness in the Past Year,Percent,Mental Health,3.82,2015,Low
Western Region,2016-2017,12-17,Had at Least One Major Depressive Episode in the Past Year,Percent,Mental Health,13.79,2016,Medium
Western Region,2016-2017,18-25,Any Mental Illness in the Past Year,Percent,Mental Health,25.19,2016,High
Western Region,2016-2017,18-25,Had at Least One Major Depressive Episode in the Past Year,Percent,Mental Health,13.11,2016,Medium
Western Region,2016-2017,18-25,Had Serious Thoughts of Suicide in the Past Year,Percent,Mental Health,10.07,2016,Medium
Western Region,2016-2017,18-25,Serious Mental Illness in the Past Year,Percent,Mental Health,7.05,2016,Medium
Western Region,2016-2017,Over 17,Any Mental Illness in the Past Year,Percent,Mental Health,19.41,2016,High
Western Region,2016-2017,Over 17,Had at Least One Major Depressive Episode in the Past Year,Percent,Mental Health,7.05,2016,Medium
Western Region,2016-2017,Over 17,Had Serious Thoughts of Suicide in the Past Year,Percent,Mental Health,4.45,2016,Low
Western Region,2016-2017,Over 17,Serious Mental Illness in the Past Year,Percent,Mental Health,4.43,2016,Low
Western Region,2016-2017,Over 25,Any Mental Illness in the Past Year,Percent,Mental Health,18.45,2016,High
Western Region,2016-2017,Over 25,Had at Least One Major Depressive Episode in the Past Year,Percent,Mental Health,6.05,2016,Medium
Western Region,2016-2017,Over 25,Had Serious Thoughts of Suicide in the Past Year,Percent,Mental Health,3.52,2016,Low
Western Region,2016-2017,Over 25,Serious Mental Illness in the Past Year,Percent,Mental Health,3.99,2016,Low
Western Region,2017-2018,18-25,Serious Mental Illness in the Past Year,Percent,Mental Health,7.98,2017,Medium
Western Region,2017-2018,18-25,Any Mental Illness in the Past Year,Percent,Mental Health,27.44,2017,High
Western Region,2017-2018,18-25,Had Serious Thoughts of Suicide in the Past Year,Percent,Mental Health,11.15,2017,Medium
Western Region,2017-2018,18-25,Had at Least One Major Depressive Episode in the Past Year,Percent,Mental Health,14.44,2017,Medium
Western Region,2017-2018,Over 17,Serious Mental Illness in the Past Year,Percent,Mental Health,4.66,2017,Low
Western Region,2017-2018,Over 17,Any Mental Illness in the Past Year,Percent,Mental Health,19.9,2017,High
Western Region,2017-2018,Over 17,Had Serious Thoughts of Suicide in the Past Year,Percent,Mental Health,4.61,2017,Low
Western Region,2017-2018,Over 17,Had at Least One Major Depressive Episode in the Past Year,Percent,Mental Health,7.39,2017,Medium
Western Region,2017-2018,Over 25,Serious Mental Illness in the Past Year,Percent,Mental Health,4.12,2017,Low
Western Region,2017-2018,Over 25,Any Mental Illness in the Past Year,Percent,Mental Health,18.68,2017,High
Western Region,2017-2018,Over 25,Had Serious Thoughts of Suicide in the Past Year,Percent,Mental Health,3.55,2017,Low
Western Region,2017-2018,Over 25,Had at Least One Major Depressive Episode in the Past Year,Percent,Mental Health,6.26,2017,Medium
